_id,_notes,Opcionalmente_a_ade_una_segun,Georreferencia_la_fi_struir_nuestro_mapa_,_validation_status,_uuid,Coloca_una_palomita_cuidado_de_tus_datos,_tags,_Tienes_un_video_en_el_que_se_,_xform_id_string,_submitted_by,meta/instanceID,_status,formhub/uuid,Describe_en_un_p_rra_lo_m_s_breve_posible,end,Selecciona_la_fecha_resistencia_en_2021,_submission_time,Opcionalmente_a_ade_ue_ilustre_la_fiesta,_attachments,start,_Cu_l_es_el_nombre_d_ue_quieres_registrar,_geolocation,_A_qu_pueblo_o_cole_cci_n_en_resistencia,_Tienes_un_audio_corto_en_el_q,__version__,A_ade_la_primera_foto_que_ilus,meta/rootUuid,A_ade_la_primera_fot_ue_ilustre_la_fiesta,Comp_rtenos_el_link_del_video,Sube_tu_audio_corto_celebrar_esta_fiesta,checkmark,geo,nombre_accion,descripcion_accion,fecha,foto1,audio,video_bin,pueblo,popup_image_url
178418798,[],20170502_172903-10_45_27.jpg,16.434724 -95.020365 -1.6989091808073655 20,{},27b8d0e1-9c4f-4912-b347-95d15f99ef4d,OK,[],no,awCGz4R7AFYoaE5tF8gqWf,,uuid:27b8d0e1-9c4f-4912-b347-95d15f99ef4d,submitted_via_web,36a900c321364cc783cd88d45d197466,"Inician con la fiesta a la Santa Cruz de los Pescadores, que coincide con el inicio de la temporada de lluvias y el ciclo agrícola. Se celebran durante todo el mes de mayo. Aunque la foto y el vídeo no son exactamente se esa fiesta, todas las fiestas en el Istmo son un reflejo de la vida en colectivo y del arraigo a la tierra y el mar.",2021-05-18T10:49:08.081-05:00,2021-04-30,2021-05-18T15:49:22,20160526_172845-10_46_8.jpg,"[{'mimetype': 'image/jpeg', 'download_small_url': 'https://eu.kobotoolbox.org/api/v2/assets/awCGz4R7AFYoaE5tF8gqWf/data/178418798/attachments/62550153/small/', 'download_large_url': 'https://eu.kobotoolbox.org/api/v2/assets/awCGz4R7AFYoaE5tF8gqWf/data/178418798/attachments/62550153/large/', 'download_url': 'https://eu.kobotoolbox.org/api/v2/assets/awCGz4R7AFYoaE5tF8gqWf/data/178418798/attachments/62550153/', 'filename': 'datacritica/attachments/36a900c321364cc783cd88d45d197466/27b8d0e1-9c4f-4912-b347-95d15f99ef4d/IMG-20190521-WA0005-10_30_24.jpg', 'instance': 178418798, 'download_medium_url': 'https://eu.kobotoolbox.org/api/v2/assets/awCGz4R7AFYoaE5tF8gqWf/data/178418798/attachments/62550153/medium/', 'id': 62550153, 'xform': 797817, 'uid': 'att5SNmDGS3xaxqAESNVwspA', 'media_file_basename': 'IMG-20190521-WA0005-10_30_24.jpg', 'question_xpath': 'A_ade_la_primera_foto_que_ilus'}, {'mimetype': 'image/jpeg', 'download_small_url': 'https://eu.kobotoolbox.org/api/v2/assets/awCGz4R7AFYoaE5tF8gqWf/data/178418798/attachments/62550152/small/', 'download_large_url': 'https://eu.kobotoolbox.org/api/v2/assets/awCGz4R7AFYoaE5tF8gqWf/data/178418798/attachments/62550152/large/', 'download_url': 'https://eu.kobotoolbox.org/api/v2/assets/awCGz4R7AFYoaE5tF8gqWf/data/178418798/attachments/62550152/', 'filename': 'datacritica/attachments/36a900c321364cc783cd88d45d197466/27b8d0e1-9c4f-4912-b347-95d15f99ef4d/20170502_172903-10_45_27.jpg', 'instance': 178418798, 'download_medium_url': 'https://eu.kobotoolbox.org/api/v2/assets/awCGz4R7AFYoaE5tF8gqWf/data/178418798/attachments/62550152/medium/', 'id': 62550152, 'xform': 797817, 'uid': 'attpNReAvjgxUvGRjgSsNXYT', 'media_file_basename': '20170502_172903-10_45_27.jpg', 'question_xpath': 'Opcionalmente_a_ade_una_segun'}, {'mimetype': 'image/jpeg', 'download_small_url': 'https://eu.kobotoolbox.org/api/v2/assets/awCGz4R7AFYoaE5tF8gqWf/data/178418798/attachments/62550150/small/', 'download_large_url': 'https://eu.kobotoolbox.org/api/v2/assets/awCGz4R7AFYoaE5tF8gqWf/data/178418798/attachments/62550150/large/', 'download_url': 'https://eu.kobotoolbox.org/api/v2/assets/awCGz4R7AFYoaE5tF8gqWf/data/178418798/attachments/62550150/', 'filename': 'datacritica/attachments/36a900c321364cc783cd88d45d197466/27b8d0e1-9c4f-4912-b347-95d15f99ef4d/20160526_172845-10_46_8.jpg', 'instance': 178418798, 'download_medium_url': 'https://eu.kobotoolbox.org/api/v2/assets/awCGz4R7AFYoaE5tF8gqWf/data/178418798/attachments/62550150/medium/', 'id': 62550150, 'xform': 797817, 'uid': 'att2jz3TUBEGWxPZPpH4ZPcQ', 'media_file_basename': '20160526_172845-10_46_8.jpg', 'question_xpath': 'Opcionalmente_a_ade_ue_ilustre_la_fiesta'}]",2021-05-18T10:23:09.951-05:00,Fiestas titulares de Juchitán,"[16.434724, -95.020365]",Binnizá de la planicie costera del Istmo de Tehuantepec,no,vcR3X6XMCfgnjhcc3BG3Kv,IMG-20190521-WA0005-10_30_24.jpg,uuid:27b8d0e1-9c4f-4912-b347-95d15f99ef4d,,,,,,,,,,,,,https://eu.kobotoolbox.org/api/v2/assets/awCGz4R7AFYoaE5tF8gqWf/data/178418798/attachments/62550153/
178980441,[],gegm_churipo_2_pmmd-11_30_22.jpg,19.595532 -101.966776 2304.246953518513 52.5099983215332,{},a7d7d6e0-a393-4239-a87a-9751f914119e,OK,[],,awCGz4R7AFYoaE5tF8gqWf,,uuid:a7d7d6e0-a393-4239-a87a-9751f914119e,submitted_via_web,36a900c321364cc783cd88d45d197466,"esta fiesta se celebra para agradecer de manera muy particular las bondades que la vida nos ofrece en el día a dia, es por eso que la gente de mi comunidad realiza ofrendas a los invitados de otros pueblos dando un obsequio en diminutivo representando su labor u oficio que cada uno trabaja día a día",2021-05-20T20:44:56.385-05:00,2021-06-03,2021-05-21T01:45:10,3053-danza-de-los-moros-11_30_34.jpg,"[{'mimetype': 'image/jpeg', 'download_small_url': 'https://eu.kobotoolbox.org/api/v2/assets/awCGz4R7AFYoaE5tF8gqWf/data/178980441/attachments/62791972/small/', 'download_large_url': 'https://eu.kobotoolbox.org/api/v2/assets/awCGz4R7AFYoaE5tF8gqWf/data/178980441/attachments/62791972/large/', 'download_url': 'https://eu.kobotoolbox.org/api/v2/assets/awCGz4R7AFYoaE5tF8gqWf/data/178980441/attachments/62791972/', 'filename': 'datacritica/attachments/36a900c321364cc783cd88d45d197466/a7d7d6e0-a393-4239-a87a-9751f914119e/10418-corpus-11_29_57.jpg', 'instance': 178980441, 'download_medium_url': 'https://eu.kobotoolbox.org/api/v2/assets/awCGz4R7AFYoaE5tF8gqWf/data/178980441/attachments/62791972/medium/', 'id': 62791972, 'xform': 797817, 'uid': 'attEHgVyjdMHst855HjcaUmU', 'media_file_basename': '10418-corpus-11_29_57.jpg', 'question_xpath': 'A_ade_la_primera_foto_que_ilus'}, {'mimetype': 'image/jpeg', 'download_small_url': 'https://eu.kobotoolbox.org/api/v2/assets/awCGz4R7AFYoaE5tF8gqWf/data/178980441/attachments/62791971/small/', 'download_large_url': 'https://eu.kobotoolbox.org/api/v2/assets/awCGz4R7AFYoaE5tF8gqWf/data/178980441/attachments/62791971/large/', 'download_url': 'https://eu.kobotoolbox.org/api/v2/assets/awCGz4R7AFYoaE5tF8gqWf/data/178980441/attachments/62791971/', 'filename': 'datacritica/attachments/36a900c321364cc783cd88d45d197466/a7d7d6e0-a393-4239-a87a-9751f914119e/3053-danza-de-los-moros-11_30_34.jpg', 'instance': 178980441, 'download_medium_url': 'https://eu.kobotoolbox.org/api/v2/assets/awCGz4R7AFYoaE5tF8gqWf/data/178980441/attachments/62791971/medium/', 'id': 62791971, 'xform': 797817, 'uid': 'attihN7kxXSaRDcWJHUFnzYx', 'media_file_basename': '3053-danza-de-los-moros-11_30_34.jpg', 'question_xpath': 'Opcionalmente_a_ade_ue_ilustre_la_fiesta'}, {'mimetype': 'image/jpeg', 'download_small_url': 'https://eu.kobotoolbox.org/api/v2/assets/awCGz4R7AFYoaE5tF8gqWf/data/178980441/attachments/62791970/small/', 'download_large_url': 'https://eu.kobotoolbox.org/api/v2/assets/awCGz4R7AFYoaE5tF8gqWf/data/178980441/attachments/62791970/large/', 'download_url': 'https://eu.kobotoolbox.org/api/v2/assets/awCGz4R7AFYoaE5tF8gqWf/data/178980441/attachments/62791970/', 'filename': 'datacritica/attachments/36a900c321364cc783cd88d45d197466/a7d7d6e0-a393-4239-a87a-9751f914119e/gegm_churipo_2_pmmd-11_30_22.jpg', 'instance': 178980441, 'download_medium_url': 'https://eu.kobotoolbox.org/api/v2/assets/awCGz4R7AFYoaE5tF8gqWf/data/178980441/attachments/62791970/medium/', 'id': 62791970, 'xform': 797817, 'uid': 'att9xtcMMBgsM9gtGFHSLJbN', 'media_file_basename': 'gegm_churipo_2_pmmd-11_30_22.jpg', 'question_xpath': 'Opcionalmente_a_ade_una_segun'}]",2021-05-19T10:54:23.806-05:00,Corpus Christi arantepacua,"[19.595532, -101.966776]",al pueblo de Arantepacua Michoacán,no,vcR3X6XMCfgnjhcc3BG3Kv,10418-corpus-11_29_57.jpg,uuid:a7d7d6e0-a393-4239-a87a-9751f914119e,10418-corpus(0)-10_57_6.jpg,,,,,,,,,,,,https://eu.kobotoolbox.org/api/v2/assets/awCGz4R7AFYoaE5tF8gqWf/data/178980441/attachments/62791972/
179376382,[],FB_IMG_1621750617690-1_17_38.jpg,19.578706 -88.042019 8.77162624058213 30,{},780fee58-528f-45a5-8fc3-ed66118715a0,OK,[],s,awCGz4R7AFYoaE5tF8gqWf,,uuid:780fee58-528f-45a5-8fc3-ed66118715a0,submitted_via_web,36a900c321364cc783cd88d45d197466,Es un espacio en el Centro Comunitarios U kúuchil K Ch'i'ibalo'on donde se encuentran plantas que se usan tradicionalmente para curar enfermedades. Ahí se comparten sus usos para que la localidad pueda continuar sanando desde la memoria de las abuelas y abuelos.,2021-05-23T02:20:24.020-05:00,,2021-05-23T07:20:41,,"[{'mimetype': 'image/jpeg', 'download_small_url': 'https://eu.kobotoolbox.org/api/v2/assets/awCGz4R7AFYoaE5tF8gqWf/data/179376382/attachments/63075891/small/', 'download_large_url': 'https://eu.kobotoolbox.org/api/v2/assets/awCGz4R7AFYoaE5tF8gqWf/data/179376382/attachments/63075891/large/', 'download_url': 'https://eu.kobotoolbox.org/api/v2/assets/awCGz4R7AFYoaE5tF8gqWf/data/179376382/attachments/63075891/', 'filename': 'datacritica/attachments/36a900c321364cc783cd88d45d197466/780fee58-528f-45a5-8fc3-ed66118715a0/FB_IMG_1621750617690-1_17_38.jpg', 'instance': 179376382, 'download_medium_url': 'https://eu.kobotoolbox.org/api/v2/assets/awCGz4R7AFYoaE5tF8gqWf/data/179376382/attachments/63075891/medium/', 'id': 63075891, 'xform': 797817, 'uid': 'attwxfZjfZipJmDokh75oeS5', 'media_file_basename': 'FB_IMG_1621750617690-1_17_38.jpg', 'question_xpath': 'Opcionalmente_a_ade_una_segun'}, {'mimetype': 'image/jpeg', 'download_small_url': 'https://eu.kobotoolbox.org/api/v2/assets/awCGz4R7AFYoaE5tF8gqWf/data/179376382/attachments/63075890/small/', 'download_large_url': 'https://eu.kobotoolbox.org/api/v2/assets/awCGz4R7AFYoaE5tF8gqWf/data/179376382/attachments/63075890/large/', 'download_url': 'https://eu.kobotoolbox.org/api/v2/assets/awCGz4R7AFYoaE5tF8gqWf/data/179376382/attachments/63075890/', 'filename': 'datacritica/attachments/36a900c321364cc783cd88d45d197466/780fee58-528f-45a5-8fc3-ed66118715a0/FB_IMG_1621749895490-1_5_47.jpg', 'instance': 179376382, 'download_medium_url': 'https://eu.kobotoolbox.org/api/v2/assets/awCGz4R7AFYoaE5tF8gqWf/data/179376382/attachments/63075890/medium/', 'id': 63075890, 'xform': 797817, 'uid': 'attWDvS5Jw8A6RExJDTnxtf9', 'media_file_basename': 'FB_IMG_1621749895490-1_5_47.jpg', 'question_xpath': 'A_ade_la_primera_foto_que_ilus'}]",2021-05-18T11:27:26.636-05:00,Jardín medicinal,"[19.578706, -88.042019]",Centro Comunitario U Kúuchil K Ch'i'ibalo'on,s,vcR3X6XMCfgnjhcc3BG3Kv,FB_IMG_1621749895490-1_5_47.jpg,uuid:780fee58-528f-45a5-8fc3-ed66118715a0,,https://www.facebook.com/artemaya.raxalajmayab/videos/2362488767103778/,,,,,,,,,,,https://eu.kobotoolbox.org/api/v2/assets/awCGz4R7AFYoaE5tF8gqWf/data/179376382/attachments/63075891/
179376411,[],,,{},6e078a58-5963-45d9-b6a4-8c2b18d87e4d,,[],,awCGz4R7AFYoaE5tF8gqWf,,uuid:6e078a58-5963-45d9-b6a4-8c2b18d87e4d,submitted_via_web,36a900c321364cc783cd88d45d197466,,2021-05-23T02:20:38.341-05:00,,2021-05-23T07:20:57,,[],2021-05-23T02:20:24.122-05:00,,"[None, None]",,,vcR3X6XMCfgnjhcc3BG3Kv,,uuid:6e078a58-5963-45d9-b6a4-8c2b18d87e4d,,,,,,,,,,,,,
179381722,[],,19.578749 -88.042028 8.72829541992163 26.399999618530273,{},75bcec8e-f570-4bd7-8256-afe6eb1a9102,OK,[],s,awCGz4R7AFYoaE5tF8gqWf,,uuid:75bcec8e-f570-4bd7-8256-afe6eb1a9102,submitted_via_web,36a900c321364cc783cd88d45d197466,"En los pueblos del territorio maya cruzo'ob actualmente llamado municipio de Felipe Carrillo Puerto, Quintana Roo se celebran las fiestas al mismo tiempo que el inicio del  trabajo en la milpa. Estas fiestas comunitarias en el que se comparte la comida, la bebida y refuerza la fe y confianza en la vida ayuda a fortalecer los lazos familiares y comunitarios, pues las familias se encuentran de nuevo y se confía en las abuelas y abuelos para guiar al pueblo y cuidar a la familia.",2021-05-23T02:54:11.207-05:00,2022-04-08,2021-05-23T07:54:24,,[],2021-05-23T02:20:38.403-05:00,Fiestas en los pueblos del municipio de Felipe Carrillo Puerto,"[19.578749, -88.042028]","Pueblo maya del municipio de Felipe Carrillo Puerto, Quintana Roo",no,vcR3X6XMCfgnjhcc3BG3Kv,,uuid:75bcec8e-f570-4bd7-8256-afe6eb1a9102,,https://youtu.be/q-dYxXUGePE,,,,,,,,,,,
179507522,[],photo4969841512040999186 (1)-15_50_3.jpg,17.343198 -98.032434 0 0,{},b848b204-6e91-4f8a-a39b-35dde74c71ed,OK,[],no,awCGz4R7AFYoaE5tF8gqWf,,uuid:b848b204-6e91-4f8a-a39b-35dde74c71ed,submitted_via_web,36a900c321364cc783cd88d45d197466,"Cuando cae la primera lluvia fuerte del año se sabe que la tierra estará lista para la siembra, es un proceso que requiere trabajo y constancia. El proceso dura varios meses, muchas veces se hace en familia. Se siembra para tener alimento y no necesariamente para vender. Sembrar es resistir porque se continua con las prácticas de los abuelos aun que no nos deje ganancias.",2021-05-23T15:56:24.691-05:00,2021-05-15,2021-05-23T20:56:37,IMG_20200812_182152321-15_50_10.jpg,"[{'mimetype': 'image/jpeg', 'download_small_url': 'https://eu.kobotoolbox.org/api/v2/assets/awCGz4R7AFYoaE5tF8gqWf/data/179507522/attachments/63179951/small/', 'download_large_url': 'https://eu.kobotoolbox.org/api/v2/assets/awCGz4R7AFYoaE5tF8gqWf/data/179507522/attachments/63179951/large/', 'download_url': 'https://eu.kobotoolbox.org/api/v2/assets/awCGz4R7AFYoaE5tF8gqWf/data/179507522/attachments/63179951/', 'filename': 'datacritica/attachments/36a900c321364cc783cd88d45d197466/b848b204-6e91-4f8a-a39b-35dde74c71ed/photo4969841512040999186 (1)-15_50_3.jpg', 'instance': 179507522, 'download_medium_url': 'https://eu.kobotoolbox.org/api/v2/assets/awCGz4R7AFYoaE5tF8gqWf/data/179507522/attachments/63179951/medium/', 'id': 63179951, 'xform': 797817, 'uid': 'atttZiknaEM5RxgnBg5LyuoC', 'media_file_basename': 'photo4969841512040999186 (1)-15_50_3.jpg', 'question_xpath': ''}, {'mimetype': 'image/jpeg', 'download_small_url': 'https://eu.kobotoolbox.org/api/v2/assets/awCGz4R7AFYoaE5tF8gqWf/data/179507522/attachments/63179950/small/', 'download_large_url': 'https://eu.kobotoolbox.org/api/v2/assets/awCGz4R7AFYoaE5tF8gqWf/data/179507522/attachments/63179950/large/', 'download_url': 'https://eu.kobotoolbox.org/api/v2/assets/awCGz4R7AFYoaE5tF8gqWf/data/179507522/attachments/63179950/', 'filename': 'datacritica/attachments/36a900c321364cc783cd88d45d197466/b848b204-6e91-4f8a-a39b-35dde74c71ed/IMG_20200812_182152321-15_50_10.jpg', 'instance': 179507522, 'download_medium_url': 'https://eu.kobotoolbox.org/api/v2/assets/awCGz4R7AFYoaE5tF8gqWf/data/179507522/attachments/63179950/medium/', 'id': 63179950, 'xform': 797817, 'uid': 'attmuotPeifLuvSZgboSJ6oN', 'media_file_basename': 'IMG_20200812_182152321-15_50_10.jpg', 'question_xpath': 'Opcionalmente_a_ade_ue_ilustre_la_fiesta'}, {'mimetype': 'image/jpeg', 'download_small_url': 'https://eu.kobotoolbox.org/api/v2/assets/awCGz4R7AFYoaE5tF8gqWf/data/179507522/attachments/63179949/small/', 'download_large_url': 'https://eu.kobotoolbox.org/api/v2/assets/awCGz4R7AFYoaE5tF8gqWf/data/179507522/attachments/63179949/large/', 'download_url': 'https://eu.kobotoolbox.org/api/v2/assets/awCGz4R7AFYoaE5tF8gqWf/data/179507522/attachments/63179949/', 'filename': 'datacritica/attachments/36a900c321364cc783cd88d45d197466/b848b204-6e91-4f8a-a39b-35dde74c71ed/photo4969841512040999187 (1)-15_49_42.jpg', 'instance': 179507522, 'download_medium_url': 'https://eu.kobotoolbox.org/api/v2/assets/awCGz4R7AFYoaE5tF8gqWf/data/179507522/attachments/63179949/medium/', 'id': 63179949, 'xform': 797817, 'uid': 'attyXACTF9BZMDZcKT76ssyr', 'media_file_basename': 'photo4969841512040999187 (1)-15_49_42.jpg', 'question_xpath': ''}]",2021-05-23T13:02:53.620-05:00,La siembra de la milpa,"[17.343198, -98.032434]","El pueblo mixteco de San Sebastián Tecomaxtlahuaca, Oaxaca",no,vcR3X6XMCfgnjhcc3BG3Kv,photo4969841512040999187 (1)-15_49_42.jpg,uuid:b848b204-6e91-4f8a-a39b-35dde74c71ed,,,,,,,,,,,,,https://eu.kobotoolbox.org/api/v2/assets/awCGz4R7AFYoaE5tF8gqWf/data/179507522/attachments/63179951/
179507543,[],,,{},df79aa1f-09ad-44fe-8b86-1723978d6106,,[],,awCGz4R7AFYoaE5tF8gqWf,,uuid:df79aa1f-09ad-44fe-8b86-1723978d6106,submitted_via_web,36a900c321364cc783cd88d45d197466,,2021-05-23T15:56:37.163-05:00,,2021-05-23T20:56:47,,[],2021-05-23T15:56:24.770-05:00,,"[None, None]",,,vcR3X6XMCfgnjhcc3BG3Kv,,uuid:df79aa1f-09ad-44fe-8b86-1723978d6106,,,,,,,,,,,,,
179751633,[],WhatsApp Image 2021-05-23 at 5.59.02 PM-3-12_26_25.jpeg,17.947013 -94.914373 0 0,{},dc9eefef-0f1e-4678-8a23-1dd385e19f79,OK,[],no,awCGz4R7AFYoaE5tF8gqWf,,uuid:dc9eefef-0f1e-4678-8a23-1dd385e19f79,submitted_via_web,36a900c321364cc783cd88d45d197466,"Huapango tradicional de ambiente familiar. Fiesta que se desarrolla alrededor de la tarima con amigos y vecinos, música de jarana, comida y baile.",2021-05-24T12:40:37.439-05:00,2021-12-28,2021-05-24T17:45:20,GOPR0184-12_27_4.JPG,"[{'mimetype': 'audio/mpeg', 'download_url': 'https://eu.kobotoolbox.org/api/v2/assets/awCGz4R7AFYoaE5tF8gqWf/data/179751633/attachments/63347679/', 'filename': 'datacritica/attachments/36a900c321364cc783cd88d45d197466/dc9eefef-0f1e-4678-8a23-1dd385e19f79/La Bamba - Altepee (FRAGMENTO HUAPANGO 28-DIC)-12_40_3.mp3', 'instance': 179751633, 'id': 63347679, 'xform': 797817, 'uid': 'attehwYc4tnZ6WnsX3AmsCZy', 'media_file_basename': 'La Bamba - Altepee (FRAGMENTO HUAPANGO 28-DIC)-12_40_3.mp3', 'question_xpath': ''}, {'mimetype': 'image/jpeg', 'download_small_url': 'https://eu.kobotoolbox.org/api/v2/assets/awCGz4R7AFYoaE5tF8gqWf/data/179751633/attachments/63347678/small/', 'download_large_url': 'https://eu.kobotoolbox.org/api/v2/assets/awCGz4R7AFYoaE5tF8gqWf/data/179751633/attachments/63347678/large/', 'download_url': 'https://eu.kobotoolbox.org/api/v2/assets/awCGz4R7AFYoaE5tF8gqWf/data/179751633/attachments/63347678/', 'filename': 'datacritica/attachments/36a900c321364cc783cd88d45d197466/dc9eefef-0f1e-4678-8a23-1dd385e19f79/GOPR0184-12_27_4.JPG', 'instance': 179751633, 'download_medium_url': 'https://eu.kobotoolbox.org/api/v2/assets/awCGz4R7AFYoaE5tF8gqWf/data/179751633/attachments/63347678/medium/', 'id': 63347678, 'xform': 797817, 'uid': 'attXNLdXGqdJAcSPmz9gHZys', 'media_file_basename': 'GOPR0184-12_27_4.JPG', 'question_xpath': 'Opcionalmente_a_ade_ue_ilustre_la_fiesta'}, {'mimetype': 'image/jpeg', 'download_small_url': 'https://eu.kobotoolbox.org/api/v2/assets/awCGz4R7AFYoaE5tF8gqWf/data/179751633/attachments/63347677/small/', 'download_large_url': 'https://eu.kobotoolbox.org/api/v2/assets/awCGz4R7AFYoaE5tF8gqWf/data/179751633/attachments/63347677/large/', 'download_url': 'https://eu.kobotoolbox.org/api/v2/assets/awCGz4R7AFYoaE5tF8gqWf/data/179751633/attachments/63347677/', 'filename': 'datacritica/attachments/36a900c321364cc783cd88d45d197466/dc9eefef-0f1e-4678-8a23-1dd385e19f79/WhatsApp Image 2021-05-23 at 5.59.02 PM-12_26_17.jpeg', 'instance': 179751633, 'download_medium_url': 'https://eu.kobotoolbox.org/api/v2/assets/awCGz4R7AFYoaE5tF8gqWf/data/179751633/attachments/63347677/medium/', 'id': 63347677, 'xform': 797817, 'uid': 'attwCx2pixvPMfsk6VyLMMCf', 'media_file_basename': 'WhatsApp Image 2021-05-23 at 5.59.02 PM-12_26_17.jpeg', 'question_xpath': ''}, {'mimetype': 'image/jpeg', 'download_small_url': 'https://eu.kobotoolbox.org/api/v2/assets/awCGz4R7AFYoaE5tF8gqWf/data/179751633/attachments/63347676/small/', 'download_large_url': 'https://eu.kobotoolbox.org/api/v2/assets/awCGz4R7AFYoaE5tF8gqWf/data/179751633/attachments/63347676/large/', 'download_url': 'https://eu.kobotoolbox.org/api/v2/assets/awCGz4R7AFYoaE5tF8gqWf/data/179751633/attachments/63347676/', 'filename': 'datacritica/attachments/36a900c321364cc783cd88d45d197466/dc9eefef-0f1e-4678-8a23-1dd385e19f79/WhatsApp Image 2021-05-23 at 5.59.02 PM-3-12_26_25.jpeg', 'instance': 179751633, 'download_medium_url': 'https://eu.kobotoolbox.org/api/v2/assets/awCGz4R7AFYoaE5tF8gqWf/data/179751633/attachments/63347676/medium/', 'id': 63347676, 'xform': 797817, 'uid': 'attJ5k5Y5hyzTu5Me3CYeLTH', 'media_file_basename': 'WhatsApp Image 2021-05-23 at 5.59.02 PM-3-12_26_25.jpeg', 'question_xpath': ''}]",2021-05-24T11:05:30.513-05:00,Huapango de los Santos Inocentes,"[17.947013, -94.914373]","Colectivo Altepee, amigos y familiares",s,vcR3X6XMCfgnjhcc3BG3Kv,WhatsApp Image 2021-05-23 at 5.59.02 PM-12_26_17.jpeg,uuid:dc9eefef-0f1e-4678-8a23-1dd385e19f79,,,La Bamba - Altepee (FRAGMENTO HUAPANGO 28-DIC)-12_40_3.mp3,,,,,,,,,,https://eu.kobotoolbox.org/api/v2/assets/awCGz4R7AFYoaE5tF8gqWf/data/179751633/attachments/63347678/
179756187,[],WhatsApp Image 2021-05-24 at 11.49.20 AM-13_5_4.jpeg,18.077999 -94.702561 0 0,{},34a9a82e-443e-46d5-bdf9-752ed7e17f83,OK,[],no,awCGz4R7AFYoaE5tF8gqWf,,uuid:34a9a82e-443e-46d5-bdf9-752ed7e17f83,submitted_via_web,36a900c321364cc783cd88d45d197466,"Chacalapa es una comunidad afrodescendiente en el sur de Veracruz, durante muchos años todas sus actividades estaban ligadas al campo. La fiesta de San Juan Bautista esta es una fiesta para pedir lluvia. Hay paseos, cabalgatas, rezos, comida, huapango, baile y muchas cosas más.",2021-05-24T13:06:19.648-05:00,2021-06-23,2021-05-24T18:09:36,WhatsApp Image 2021-05-24 at 11.49.19 AM-13_5_18.jpeg,"[{'mimetype': 'image/jpeg', 'download_small_url': 'https://eu.kobotoolbox.org/api/v2/assets/awCGz4R7AFYoaE5tF8gqWf/data/179756187/attachments/63351036/small/', 'download_large_url': 'https://eu.kobotoolbox.org/api/v2/assets/awCGz4R7AFYoaE5tF8gqWf/data/179756187/attachments/63351036/large/', 'download_url': 'https://eu.kobotoolbox.org/api/v2/assets/awCGz4R7AFYoaE5tF8gqWf/data/179756187/attachments/63351036/', 'filename': 'datacritica/attachments/36a900c321364cc783cd88d45d197466/34a9a82e-443e-46d5-bdf9-752ed7e17f83/WhatsApp Image 2021-05-24 at 11.49.20 AM-13_5_4.jpeg', 'instance': 179756187, 'download_medium_url': 'https://eu.kobotoolbox.org/api/v2/assets/awCGz4R7AFYoaE5tF8gqWf/data/179756187/attachments/63351036/medium/', 'id': 63351036, 'xform': 797817, 'uid': 'attbgH38LtUuwa69dkUekpLo', 'media_file_basename': 'WhatsApp Image 2021-05-24 at 11.49.20 AM-13_5_4.jpeg', 'question_xpath': ''}, {'mimetype': 'audio/mpeg', 'download_url': 'https://eu.kobotoolbox.org/api/v2/assets/awCGz4R7AFYoaE5tF8gqWf/data/179756187/attachments/63351035/', 'filename': 'datacritica/attachments/36a900c321364cc783cd88d45d197466/34a9a82e-443e-46d5-bdf9-752ed7e17f83/siqui.mayordomia chacalapa -10_56_25.mp3', 'instance': 179756187, 'id': 63351035, 'xform': 797817, 'uid': 'attJTSGAx9CYdsB6tNcwKjt8', 'media_file_basename': 'siqui.mayordomia chacalapa -10_56_25.mp3', 'question_xpath': ''}, {'mimetype': 'image/jpeg', 'download_small_url': 'https://eu.kobotoolbox.org/api/v2/assets/awCGz4R7AFYoaE5tF8gqWf/data/179756187/attachments/63351030/small/', 'download_large_url': 'https://eu.kobotoolbox.org/api/v2/assets/awCGz4R7AFYoaE5tF8gqWf/data/179756187/attachments/63351030/large/', 'download_url': 'https://eu.kobotoolbox.org/api/v2/assets/awCGz4R7AFYoaE5tF8gqWf/data/179756187/attachments/63351030/', 'filename': 'datacritica/attachments/36a900c321364cc783cd88d45d197466/34a9a82e-443e-46d5-bdf9-752ed7e17f83/WhatsApp Image 2021-05-24 at 11.49.20 AM-2-13_4_54.jpeg', 'instance': 179756187, 'download_medium_url': 'https://eu.kobotoolbox.org/api/v2/assets/awCGz4R7AFYoaE5tF8gqWf/data/179756187/attachments/63351030/medium/', 'id': 63351030, 'xform': 797817, 'uid': 'attiA49fkhyAXebzqyUeWSUv', 'media_file_basename': 'WhatsApp Image 2021-05-24 at 11.49.20 AM-2-13_4_54.jpeg', 'question_xpath': ''}, {'mimetype': 'image/jpeg', 'download_small_url': 'https://eu.kobotoolbox.org/api/v2/assets/awCGz4R7AFYoaE5tF8gqWf/data/179756187/attachments/63351029/small/', 'download_large_url': 'https://eu.kobotoolbox.org/api/v2/assets/awCGz4R7AFYoaE5tF8gqWf/data/179756187/attachments/63351029/large/', 'download_url': 'https://eu.kobotoolbox.org/api/v2/assets/awCGz4R7AFYoaE5tF8gqWf/data/179756187/attachments/63351029/', 'filename': 'datacritica/attachments/36a900c321364cc783cd88d45d197466/34a9a82e-443e-46d5-bdf9-752ed7e17f83/WhatsApp Image 2021-05-24 at 11.49.19 AM-13_5_18.jpeg', 'instance': 179756187, 'download_medium_url': 'https://eu.kobotoolbox.org/api/v2/assets/awCGz4R7AFYoaE5tF8gqWf/data/179756187/attachments/63351029/medium/', 'id': 63351029, 'xform': 797817, 'uid': 'attArDEGbrwFW3qc9syufp6q', 'media_file_basename': 'WhatsApp Image 2021-05-24 at 11.49.19 AM-13_5_18.jpeg', 'question_xpath': ''}]",2021-05-24T10:45:16.185-05:00,Mayordomía de San Juan Bautista,"[18.077999, -94.702561]",Pueblo  de  Chacalapa,s,vcR3X6XMCfgnjhcc3BG3Kv,WhatsApp Image 2021-05-24 at 11.49.20 AM-2-13_4_54.jpeg,uuid:34a9a82e-443e-46d5-bdf9-752ed7e17f83,,,siqui.mayordomia chacalapa -10_56_25.mp3,,,,,,,,,,https://eu.kobotoolbox.org/api/v2/assets/awCGz4R7AFYoaE5tF8gqWf/data/179756187/attachments/63351036/
179790237,[],Palabras KaKuxtal Feria 2021-17_7_48.jpeg,19.748121 -89.852666 0 0,{},e42dc3a1-5af0-4ca7-ba11-e93c99c4e3e3,OK,[],s,awCGz4R7AFYoaE5tF8gqWf,,uuid:e42dc3a1-5af0-4ca7-ba11-e93c99c4e3e3,submitted_via_web,36a900c321364cc783cd88d45d197466,La Fiesta de Semillas de los Chenes la realizamos desde 2010 con la finalidad de celebrar a las semillas nativas y defenderlas. Es un espacio de intercambio de semillas pero también de reflexión sobre los diferentes agravios a la vida. Defendemos la vida y por eso durante estos 13 años que llevamos a cabo las fiestas de semillas en el Municipio de Hopelchén tratamos temas sobre diversas amenazas a la vida del pueblo maya.,2021-05-24T17:14:03.723-05:00,2021-05-16,2021-05-24T22:14:16,KaKuxtal Feria 2021-17_10_40.jpeg,"[{'mimetype': 'image/jpeg', 'download_small_url': 'https://eu.kobotoolbox.org/api/v2/assets/awCGz4R7AFYoaE5tF8gqWf/data/179790237/attachments/63375554/small/', 'download_large_url': 'https://eu.kobotoolbox.org/api/v2/assets/awCGz4R7AFYoaE5tF8gqWf/data/179790237/attachments/63375554/large/', 'download_url': 'https://eu.kobotoolbox.org/api/v2/assets/awCGz4R7AFYoaE5tF8gqWf/data/179790237/attachments/63375554/', 'filename': 'datacritica/attachments/36a900c321364cc783cd88d45d197466/e42dc3a1-5af0-4ca7-ba11-e93c99c4e3e3/Palabras KaKuxtal Feria 2021-17_7_48.jpeg', 'instance': 179790237, 'download_medium_url': 'https://eu.kobotoolbox.org/api/v2/assets/awCGz4R7AFYoaE5tF8gqWf/data/179790237/attachments/63375554/medium/', 'id': 63375554, 'xform': 797817, 'uid': 'attVRRj22RVbXfTS9xe2r4ME', 'media_file_basename': 'Palabras KaKuxtal Feria 2021-17_7_48.jpeg', 'question_xpath': ''}, {'mimetype': 'image/jpeg', 'download_small_url': 'https://eu.kobotoolbox.org/api/v2/assets/awCGz4R7AFYoaE5tF8gqWf/data/179790237/attachments/63375553/small/', 'download_large_url': 'https://eu.kobotoolbox.org/api/v2/assets/awCGz4R7AFYoaE5tF8gqWf/data/179790237/attachments/63375553/large/', 'download_url': 'https://eu.kobotoolbox.org/api/v2/assets/awCGz4R7AFYoaE5tF8gqWf/data/179790237/attachments/63375553/', 'filename': 'datacritica/attachments/36a900c321364cc783cd88d45d197466/e42dc3a1-5af0-4ca7-ba11-e93c99c4e3e3/Cartel FSN 2021 Xcupil-16_59_39.jpg', 'instance': 179790237, 'download_medium_url': 'https://eu.kobotoolbox.org/api/v2/assets/awCGz4R7AFYoaE5tF8gqWf/data/179790237/attachments/63375553/medium/', 'id': 63375553, 'xform': 797817, 'uid': 'att9j2p6avwMfv2ayZPXtBgB', 'media_file_basename': 'Cartel FSN 2021 Xcupil-16_59_39.jpg', 'question_xpath': ''}, {'mimetype': 'image/jpeg', 'download_small_url': 'https://eu.kobotoolbox.org/api/v2/assets/awCGz4R7AFYoaE5tF8gqWf/data/179790237/attachments/63375552/small/', 'download_large_url': 'https://eu.kobotoolbox.org/api/v2/assets/awCGz4R7AFYoaE5tF8gqWf/data/179790237/attachments/63375552/large/', 'download_url': 'https://eu.kobotoolbox.org/api/v2/assets/awCGz4R7AFYoaE5tF8gqWf/data/179790237/attachments/63375552/', 'filename': 'datacritica/attachments/36a900c321364cc783cd88d45d197466/e42dc3a1-5af0-4ca7-ba11-e93c99c4e3e3/KaKuxtal Feria 2021-17_10_40.jpeg', 'instance': 179790237, 'download_medium_url': 'https://eu.kobotoolbox.org/api/v2/assets/awCGz4R7AFYoaE5tF8gqWf/data/179790237/attachments/63375552/medium/', 'id': 63375552, 'xform': 797817, 'uid': 'attj9qvJNpA5Bibqn3ztFFqt', 'media_file_basename': 'KaKuxtal Feria 2021-17_10_40.jpeg', 'question_xpath': ''}]",2021-05-24T16:46:47.126-05:00,"Fiesta de Semillas Nativas, Xcupil Cacab 2021","[19.748121, -89.852666]","Ka Kuxtal Much Meyaj, del pueblo maya peninsular",s,vcR3X6XMCfgnjhcc3BG3Kv,Cartel FSN 2021 Xcupil-16_59_39.jpg,uuid:e42dc3a1-5af0-4ca7-ba11-e93c99c4e3e3,,https://fb.watch/5HTA4T1IiR/,,,,,,,,,,,https://eu.kobotoolbox.org/api/v2/assets/awCGz4R7AFYoaE5tF8gqWf/data/179790237/attachments/63375554/
180693993,[],ano-nuevo-purepecha-mexico-desconocido-4-21_55_52.jpg,19.595049 -101.968701 2305.88940732279 14.968999862670898,{},6e7f1e78-a131-4491-9f22-5ab168091eae,OK,[],,awCGz4R7AFYoaE5tF8gqWf,,uuid:6e7f1e78-a131-4491-9f22-5ab168091eae,submitted_via_web,36a900c321364cc783cd88d45d197466,"la ceremonia del año nuevo purépecha, simboliza la unidad de los pueblos, y evitar la perdida de las tradiciones; como el dialecto, los rituales, y así mismo recibir la energía del fuego nuevo que es el símbolo del nuevo año.",2021-05-27T21:56:49.100-05:00,2021-02-01,2021-05-28T02:57:17,capacuaro-celebra-ano-nuevo-purepecha-behindmystories.com-ok-21_56_4.jpg,"[{'mimetype': 'image/jpeg', 'download_small_url': 'https://eu.kobotoolbox.org/api/v2/assets/awCGz4R7AFYoaE5tF8gqWf/data/180693993/attachments/63994270/small/', 'download_large_url': 'https://eu.kobotoolbox.org/api/v2/assets/awCGz4R7AFYoaE5tF8gqWf/data/180693993/attachments/63994270/large/', 'download_url': 'https://eu.kobotoolbox.org/api/v2/assets/awCGz4R7AFYoaE5tF8gqWf/data/180693993/attachments/63994270/', 'filename': 'datacritica/attachments/36a900c321364cc783cd88d45d197466/6e7f1e78-a131-4491-9f22-5ab168091eae/Fuego-5~2-21_55_34.jpg', 'instance': 180693993, 'download_medium_url': 'https://eu.kobotoolbox.org/api/v2/assets/awCGz4R7AFYoaE5tF8gqWf/data/180693993/attachments/63994270/medium/', 'id': 63994270, 'xform': 797817, 'uid': 'attkSjkSB6VA37kh7vZHtoiS', 'media_file_basename': 'Fuego-5~2-21_55_34.jpg', 'question_xpath': ''}, {'mimetype': 'image/jpeg', 'download_small_url': 'https://eu.kobotoolbox.org/api/v2/assets/awCGz4R7AFYoaE5tF8gqWf/data/180693993/attachments/63994269/small/', 'download_large_url': 'https://eu.kobotoolbox.org/api/v2/assets/awCGz4R7AFYoaE5tF8gqWf/data/180693993/attachments/63994269/large/', 'download_url': 'https://eu.kobotoolbox.org/api/v2/assets/awCGz4R7AFYoaE5tF8gqWf/data/180693993/attachments/63994269/', 'filename': 'datacritica/attachments/36a900c321364cc783cd88d45d197466/6e7f1e78-a131-4491-9f22-5ab168091eae/ano-nuevo-purepecha-mexico-desconocido-4-21_55_52.jpg', 'instance': 180693993, 'download_medium_url': 'https://eu.kobotoolbox.org/api/v2/assets/awCGz4R7AFYoaE5tF8gqWf/data/180693993/attachments/63994269/medium/', 'id': 63994269, 'xform': 797817, 'uid': 'attqF4ZSM5FeTZeviAPjhuSw', 'media_file_basename': 'ano-nuevo-purepecha-mexico-desconocido-4-21_55_52.jpg', 'question_xpath': 'Opcionalmente_a_ade_una_segun'}, {'mimetype': 'image/jpeg', 'download_small_url': 'https://eu.kobotoolbox.org/api/v2/assets/awCGz4R7AFYoaE5tF8gqWf/data/180693993/attachments/63994268/small/', 'download_large_url': 'https://eu.kobotoolbox.org/api/v2/assets/awCGz4R7AFYoaE5tF8gqWf/data/180693993/attachments/63994268/large/', 'download_url': 'https://eu.kobotoolbox.org/api/v2/assets/awCGz4R7AFYoaE5tF8gqWf/data/180693993/attachments/63994268/', 'filename': 'datacritica/attachments/36a900c321364cc783cd88d45d197466/6e7f1e78-a131-4491-9f22-5ab168091eae/capacuaro-celebra-ano-nuevo-purepecha-behindmystories.com-ok-21_56_4.jpg', 'instance': 180693993, 'download_medium_url': 'https://eu.kobotoolbox.org/api/v2/assets/awCGz4R7AFYoaE5tF8gqWf/data/180693993/attachments/63994268/medium/', 'id': 63994268, 'xform': 797817, 'uid': 'attqEasboR3Gaqfq9mDR89Bw', 'media_file_basename': 'capacuaro-celebra-ano-nuevo-purepecha-behindmystories.com-ok-21_56_4.jpg', 'question_xpath': 'Opcionalmente_a_ade_ue_ilustre_la_fiesta'}]",2021-05-26T13:35:32.361-05:00,año nuevo purépecha,"[19.595049, -101.968701]",Arantepacua Michoacán,,vcR3X6XMCfgnjhcc3BG3Kv,Fuego-5~2-21_55_34.jpg,uuid:6e7f1e78-a131-4491-9f22-5ab168091eae,,,,,,,,,,,,,https://eu.kobotoolbox.org/api/v2/assets/awCGz4R7AFYoaE5tF8gqWf/data/180693993/attachments/63994270/
180844696,[],,17.353649 -95.412486 0 0,{},08b27111-f9ff-4cc3-b385-2c5b3554bdbb,OK,[],no,awCGz4R7AFYoaE5tF8gqWf,,uuid:08b27111-f9ff-4cc3-b385-2c5b3554bdbb,submitted_via_web,36a900c321364cc783cd88d45d197466,,2021-05-28T11:17:20.288-05:00,2021-10-25,2021-05-28T16:17:54,,[],2021-05-18T18:09:32.792-05:00,Festival del agua,"[17.353649, -95.412486]",Pueblo ayuuk Jaltepec de Candayoc.,s,vcR3X6XMCfgnjhcc3BG3Kv,,uuid:08b27111-f9ff-4cc3-b385-2c5b3554bdbb,,,,,,,,,,,,,
180866665,[],,17.35328 -95.412293 0 0,{},53b2d8a8-99b8-44ae-bc7a-273cc4e15c4f,,[],no,awCGz4R7AFYoaE5tF8gqWf,,uuid:53b2d8a8-99b8-44ae-bc7a-273cc4e15c4f,submitted_via_web,36a900c321364cc783cd88d45d197466,"La fiesta del agua nos une con sus venas, nos reúne con diálogos y energías celebrando la vida para fortalecer nuestro espíritu comunitario con un ritual de agradecimiento a la tierra y al territorio, en contra de la contaminación, privatización y despojo.",2021-05-28T13:08:09.461-05:00,2021-10-25,2021-05-28T18:08:23,,[],2021-05-28T11:17:20.330-05:00,Festival del agua,"[17.35328, -95.412293]",Pueblo ayuuk Jaltepec de Candayoc,s,vcR3X6XMCfgnjhcc3BG3Kv,,uuid:53b2d8a8-99b8-44ae-bc7a-273cc4e15c4f,,,,,,,,,,,,,
180890635,[],DSC_0226-15_55_52.JPG,,{},6f0f2926-c41a-4963-907e-feb37f51fa3c,,[],no,awCGz4R7AFYoaE5tF8gqWf,,uuid:6f0f2926-c41a-4963-907e-feb37f51fa3c,submitted_via_web,36a900c321364cc783cd88d45d197466,"La fiesta es un espacio de encuentro y convivencia a nivel comunidad, es parte de nuestra resistencia y lucha por conservar nuestra identidad.",2021-05-28T15:56:41.677-05:00,2021-05-11,2021-05-28T20:59:20,DSC_0852-15_56_18.JPG,"[{'mimetype': 'image/jpeg', 'download_small_url': 'https://eu.kobotoolbox.org/api/v2/assets/awCGz4R7AFYoaE5tF8gqWf/data/180890635/attachments/64145979/small/', 'download_large_url': 'https://eu.kobotoolbox.org/api/v2/assets/awCGz4R7AFYoaE5tF8gqWf/data/180890635/attachments/64145979/large/', 'download_url': 'https://eu.kobotoolbox.org/api/v2/assets/awCGz4R7AFYoaE5tF8gqWf/data/180890635/attachments/64145979/', 'filename': 'datacritica/attachments/36a900c321364cc783cd88d45d197466/6f0f2926-c41a-4963-907e-feb37f51fa3c/DSC_0852-15_56_18.JPG', 'instance': 180890635, 'download_medium_url': 'https://eu.kobotoolbox.org/api/v2/assets/awCGz4R7AFYoaE5tF8gqWf/data/180890635/attachments/64145979/medium/', 'id': 64145979, 'xform': 797817, 'uid': 'attKzHe8EoWBngnvZqvjfedQ', 'media_file_basename': 'DSC_0852-15_56_18.JPG', 'question_xpath': 'Opcionalmente_a_ade_ue_ilustre_la_fiesta'}, {'mimetype': 'image/jpeg', 'download_small_url': 'https://eu.kobotoolbox.org/api/v2/assets/awCGz4R7AFYoaE5tF8gqWf/data/180890635/attachments/64145978/small/', 'download_large_url': 'https://eu.kobotoolbox.org/api/v2/assets/awCGz4R7AFYoaE5tF8gqWf/data/180890635/attachments/64145978/large/', 'download_url': 'https://eu.kobotoolbox.org/api/v2/assets/awCGz4R7AFYoaE5tF8gqWf/data/180890635/attachments/64145978/', 'filename': 'datacritica/attachments/36a900c321364cc783cd88d45d197466/6f0f2926-c41a-4963-907e-feb37f51fa3c/DSC_0226-15_55_52.JPG', 'instance': 180890635, 'download_medium_url': 'https://eu.kobotoolbox.org/api/v2/assets/awCGz4R7AFYoaE5tF8gqWf/data/180890635/attachments/64145978/medium/', 'id': 64145978, 'xform': 797817, 'uid': 'attf95Ec2nJQ7ECekiNdWGpD', 'media_file_basename': 'DSC_0226-15_55_52.JPG', 'question_xpath': 'Opcionalmente_a_ade_una_segun'}, {'mimetype': 'image/jpeg', 'download_small_url': 'https://eu.kobotoolbox.org/api/v2/assets/awCGz4R7AFYoaE5tF8gqWf/data/180890635/attachments/64145977/small/', 'download_large_url': 'https://eu.kobotoolbox.org/api/v2/assets/awCGz4R7AFYoaE5tF8gqWf/data/180890635/attachments/64145977/large/', 'download_url': 'https://eu.kobotoolbox.org/api/v2/assets/awCGz4R7AFYoaE5tF8gqWf/data/180890635/attachments/64145977/', 'filename': 'datacritica/attachments/36a900c321364cc783cd88d45d197466/6f0f2926-c41a-4963-907e-feb37f51fa3c/DSC_0613-15_55_41.JPG', 'instance': 180890635, 'download_medium_url': 'https://eu.kobotoolbox.org/api/v2/assets/awCGz4R7AFYoaE5tF8gqWf/data/180890635/attachments/64145977/medium/', 'id': 64145977, 'xform': 797817, 'uid': 'att9SkaGbhQ8ii9is3Kf99GR', 'media_file_basename': 'DSC_0613-15_55_41.JPG', 'question_xpath': 'A_ade_la_primera_foto_que_ilus'}]",2021-05-28T13:08:09.495-05:00,Fiesta comunitaria,"[None, None]","Ayuuk Jaltelpec de Candayoc, Cotzocón Mixe",no,vcR3X6XMCfgnjhcc3BG3Kv,DSC_0613-15_55_41.JPG,uuid:6f0f2926-c41a-4963-907e-feb37f51fa3c,,,,,,,,,,,,,https://eu.kobotoolbox.org/api/v2/assets/awCGz4R7AFYoaE5tF8gqWf/data/180890635/attachments/64145979/
182103764,[],images (2)-10_39_12.jpeg,16.329659 -95.231776 34.09233816728981 13.1850004196167,{},cec498b3-1ea5-475d-9c30-39fd12895baa,OK,[],no,awCGz4R7AFYoaE5tF8gqWf,,uuid:cec498b3-1ea5-475d-9c30-39fd12895baa,submitted_via_web,36a900c321364cc783cd88d45d197466,"Las Saa Guidxi son celebraciones que recuperan la organización social comunitaria mediante la cooperación colectiva de bienes para la realización del ceremonial, mismo que representa las prácticas ancestrales de siembra, cosecha y distribución de los productos de la tierra. Además se realiza el día que comienza el calendario prehispánico de los Binnizá de Tehuantepec.",2021-06-02T10:43:56.160-05:00,2021-03-12,2021-06-02T15:44:07,images (8)-10_41_13.jpeg,"[{'mimetype': 'image/jpeg', 'download_small_url': 'https://eu.kobotoolbox.org/api/v2/assets/awCGz4R7AFYoaE5tF8gqWf/data/182103764/attachments/65106735/small/', 'download_large_url': 'https://eu.kobotoolbox.org/api/v2/assets/awCGz4R7AFYoaE5tF8gqWf/data/182103764/attachments/65106735/large/', 'download_url': 'https://eu.kobotoolbox.org/api/v2/assets/awCGz4R7AFYoaE5tF8gqWf/data/182103764/attachments/65106735/', 'filename': 'datacritica/attachments/36a900c321364cc783cd88d45d197466/cec498b3-1ea5-475d-9c30-39fd12895baa/images (8)-10_41_13.jpeg', 'instance': 182103764, 'download_medium_url': 'https://eu.kobotoolbox.org/api/v2/assets/awCGz4R7AFYoaE5tF8gqWf/data/182103764/attachments/65106735/medium/', 'id': 65106735, 'xform': 797817, 'uid': 'attxKPPTyJDY2FokqKjDh7YW', 'media_file_basename': 'images (8)-10_41_13.jpeg', 'question_xpath': ''}, {'mimetype': 'image/jpeg', 'download_small_url': 'https://eu.kobotoolbox.org/api/v2/assets/awCGz4R7AFYoaE5tF8gqWf/data/182103764/attachments/65106734/small/', 'download_large_url': 'https://eu.kobotoolbox.org/api/v2/assets/awCGz4R7AFYoaE5tF8gqWf/data/182103764/attachments/65106734/large/', 'download_url': 'https://eu.kobotoolbox.org/api/v2/assets/awCGz4R7AFYoaE5tF8gqWf/data/182103764/attachments/65106734/', 'filename': 'datacritica/attachments/36a900c321364cc783cd88d45d197466/cec498b3-1ea5-475d-9c30-39fd12895baa/images (2)-10_39_12.jpeg', 'instance': 182103764, 'download_medium_url': 'https://eu.kobotoolbox.org/api/v2/assets/awCGz4R7AFYoaE5tF8gqWf/data/182103764/attachments/65106734/medium/', 'id': 65106734, 'xform': 797817, 'uid': 'attHwsonKoXdw6awQ2xeF73Q', 'media_file_basename': 'images (2)-10_39_12.jpeg', 'question_xpath': ''}, {'mimetype': 'image/jpeg', 'download_small_url': 'https://eu.kobotoolbox.org/api/v2/assets/awCGz4R7AFYoaE5tF8gqWf/data/182103764/attachments/65106732/small/', 'download_large_url': 'https://eu.kobotoolbox.org/api/v2/assets/awCGz4R7AFYoaE5tF8gqWf/data/182103764/attachments/65106732/large/', 'download_url': 'https://eu.kobotoolbox.org/api/v2/assets/awCGz4R7AFYoaE5tF8gqWf/data/182103764/attachments/65106732/', 'filename': 'datacritica/attachments/36a900c321364cc783cd88d45d197466/cec498b3-1ea5-475d-9c30-39fd12895baa/images (5)-10_42_22.jpeg', 'instance': 182103764, 'download_medium_url': 'https://eu.kobotoolbox.org/api/v2/assets/awCGz4R7AFYoaE5tF8gqWf/data/182103764/attachments/65106732/medium/', 'id': 65106732, 'xform': 797817, 'uid': 'attTMuWDs3FSBbZaBDkpzD2N', 'media_file_basename': 'images (5)-10_42_22.jpeg', 'question_xpath': ''}]",2021-06-02T10:26:43.366-05:00,Saa Guidxi (Fiestas del Fuego),"[16.329659, -95.231776]","Binnizá de Santo Domingo Tehuantepec, Oaxaca",no,vcR3X6XMCfgnjhcc3BG3Kv,images (5)-10_42_22.jpeg,uuid:cec498b3-1ea5-475d-9c30-39fd12895baa,,,,,,,,,,,,,https://eu.kobotoolbox.org/api/v2/assets/awCGz4R7AFYoaE5tF8gqWf/data/182103764/attachments/65106735/
182103842,[],,,{},40ac4c8c-8933-4b5f-93a9-eedff5687471,,[],,awCGz4R7AFYoaE5tF8gqWf,,uuid:40ac4c8c-8933-4b5f-93a9-eedff5687471,submitted_via_web,36a900c321364cc783cd88d45d197466,,2021-06-02T10:44:17.993-05:00,,2021-06-02T15:44:29,,[],2021-06-02T10:43:56.258-05:00,,"[None, None]",,,vcR3X6XMCfgnjhcc3BG3Kv,,uuid:40ac4c8c-8933-4b5f-93a9-eedff5687471,,,,,,,,,,,,,
182135042,[],DSCN8093 - copia-12_32_26.JPG,,{},670052ed-5905-4d01-bd62-6a38d1639f19,OK,[],no,awCGz4R7AFYoaE5tF8gqWf,,uuid:670052ed-5905-4d01-bd62-6a38d1639f19,submitted_via_web,36a900c321364cc783cd88d45d197466,"Se le ofrenda a la tierra flores, tamalitos, pollito, cafecito y aguardiente para agradecer la vida que nos da al hacer crecer la milpa, las plantas y todos los cultivos que nos alimentan. Se acompaña con música y se reza en nahuatl, se regresa a la tierra vida como nosotros también regresaremos a ella.",2021-06-02T12:41:19.704-05:00,2021-03-03,2021-06-02T17:42:43,DSCN8095-12_34_50.JPG,"[{'mimetype': 'image/jpeg', 'download_small_url': 'https://eu.kobotoolbox.org/api/v2/assets/awCGz4R7AFYoaE5tF8gqWf/data/182135042/attachments/65138724/small/', 'download_large_url': 'https://eu.kobotoolbox.org/api/v2/assets/awCGz4R7AFYoaE5tF8gqWf/data/182135042/attachments/65138724/large/', 'download_url': 'https://eu.kobotoolbox.org/api/v2/assets/awCGz4R7AFYoaE5tF8gqWf/data/182135042/attachments/65138724/', 'filename': 'datacritica/attachments/36a900c321364cc783cd88d45d197466/670052ed-5905-4d01-bd62-6a38d1639f19/DSCN8093 - copia-12_32_26.JPG', 'instance': 182135042, 'download_medium_url': 'https://eu.kobotoolbox.org/api/v2/assets/awCGz4R7AFYoaE5tF8gqWf/data/182135042/attachments/65138724/medium/', 'id': 65138724, 'xform': 797817, 'uid': 'att7GRgevrZefGoCbzwAKLT6', 'media_file_basename': 'DSCN8093 - copia-12_32_26.JPG', 'question_xpath': ''}, {'mimetype': 'image/jpeg', 'download_small_url': 'https://eu.kobotoolbox.org/api/v2/assets/awCGz4R7AFYoaE5tF8gqWf/data/182135042/attachments/65138722/small/', 'download_large_url': 'https://eu.kobotoolbox.org/api/v2/assets/awCGz4R7AFYoaE5tF8gqWf/data/182135042/attachments/65138722/large/', 'download_url': 'https://eu.kobotoolbox.org/api/v2/assets/awCGz4R7AFYoaE5tF8gqWf/data/182135042/attachments/65138722/', 'filename': 'datacritica/attachments/36a900c321364cc783cd88d45d197466/670052ed-5905-4d01-bd62-6a38d1639f19/DSCN8099-12_32_9.JPG', 'instance': 182135042, 'download_medium_url': 'https://eu.kobotoolbox.org/api/v2/assets/awCGz4R7AFYoaE5tF8gqWf/data/182135042/attachments/65138722/medium/', 'id': 65138722, 'xform': 797817, 'uid': 'att4uTSiUp6NBQuRCRC5786e', 'media_file_basename': 'DSCN8099-12_32_9.JPG', 'question_xpath': 'A_ade_la_primera_foto_que_ilus'}, {'mimetype': 'image/jpeg', 'download_small_url': 'https://eu.kobotoolbox.org/api/v2/assets/awCGz4R7AFYoaE5tF8gqWf/data/182135042/attachments/65138720/small/', 'download_large_url': 'https://eu.kobotoolbox.org/api/v2/assets/awCGz4R7AFYoaE5tF8gqWf/data/182135042/attachments/65138720/large/', 'download_url': 'https://eu.kobotoolbox.org/api/v2/assets/awCGz4R7AFYoaE5tF8gqWf/data/182135042/attachments/65138720/', 'filename': 'datacritica/attachments/36a900c321364cc783cd88d45d197466/670052ed-5905-4d01-bd62-6a38d1639f19/DSCN8095-12_34_50.JPG', 'instance': 182135042, 'download_medium_url': 'https://eu.kobotoolbox.org/api/v2/assets/awCGz4R7AFYoaE5tF8gqWf/data/182135042/attachments/65138720/medium/', 'id': 65138720, 'xform': 797817, 'uid': 'attPruhTck7sSxHyMFVDfLkv', 'media_file_basename': 'DSCN8095-12_34_50.JPG', 'question_xpath': 'Opcionalmente_a_ade_ue_ilustre_la_fiesta'}]",2021-06-02T10:59:59.382-05:00,Xochitlali (flores para la tierra),"[None, None]","Comunidad de Tlecuaxco, Tequila, Veracruz, México. [Café Tlecuaxco]",no,vcR3X6XMCfgnjhcc3BG3Kv,DSCN8099-12_32_9.JPG,uuid:670052ed-5905-4d01-bd62-6a38d1639f19,,,,,,,,,,,,,https://eu.kobotoolbox.org/api/v2/assets/awCGz4R7AFYoaE5tF8gqWf/data/182135042/attachments/65138724/
182148565,[],,15.41495 -91.147462 1887.0685595679156 77.5999984741211,{},73056366-c6a6-4db4-8076-72044ce0a994,OK,[],no,awCGz4R7AFYoaE5tF8gqWf,,uuid:73056366-c6a6-4db4-8076-72044ce0a994,submitted_via_web,36a900c321364cc783cd88d45d197466,"Promocionar las semillas nativas y criollas, ofrecer productos de las familias campesinas que son los que han aportado la mayor parte de la alimentación al pueblo ixil y han defendido la biodiversidad.",2021-06-02T12:46:35.417-06:00,2021-06-21,2021-06-02T18:47:19,,"[{'mimetype': 'image/jpeg', 'download_small_url': 'https://eu.kobotoolbox.org/api/v2/assets/awCGz4R7AFYoaE5tF8gqWf/data/182148565/attachments/65158791/small/', 'download_large_url': 'https://eu.kobotoolbox.org/api/v2/assets/awCGz4R7AFYoaE5tF8gqWf/data/182148565/attachments/65158791/large/', 'download_url': 'https://eu.kobotoolbox.org/api/v2/assets/awCGz4R7AFYoaE5tF8gqWf/data/182148565/attachments/65158791/', 'filename': 'datacritica/attachments/36a900c321364cc783cd88d45d197466/73056366-c6a6-4db4-8076-72044ce0a994/IMG_20210424_095813718_HDR-12_45_59.jpg', 'instance': 182148565, 'download_medium_url': 'https://eu.kobotoolbox.org/api/v2/assets/awCGz4R7AFYoaE5tF8gqWf/data/182148565/attachments/65158791/medium/', 'id': 65158791, 'xform': 797817, 'uid': 'att2Jt6UaHJg24Y4wsfnRauR', 'media_file_basename': 'IMG_20210424_095813718_HDR-12_45_59.jpg', 'question_xpath': 'A_ade_la_primera_foto_que_ilus'}]",2021-06-02T10:58:46.539-06:00,Feria campesina,"[15.41495, -91.147462]",Maya ixil de Guatemala.,no,vcR3X6XMCfgnjhcc3BG3Kv,IMG_20210424_095813718_HDR-12_45_59.jpg,uuid:73056366-c6a6-4db4-8076-72044ce0a994,,,,,,,,,,,,,https://eu.kobotoolbox.org/api/v2/assets/awCGz4R7AFYoaE5tF8gqWf/data/182148565/attachments/65158791/
182157728,[],,19.800001 -88.754411 20.45459756514375 20.98200035095215,{},10cc768f-d1ba-4e0e-a788-bd4e0b2cf3ed,OK,[],no,awCGz4R7AFYoaE5tF8gqWf,,uuid:10cc768f-d1ba-4e0e-a788-bd4e0b2cf3ed,submitted_via_web,36a900c321364cc783cd88d45d197466,"Es un festival cultural independiente, que con actividades artísticas, didácticas y culturales; contribuir al rescate de nuestra zona maya, lengua, vestimenta, gastronomía, costumbres, juegos.",2021-06-02T14:38:22.195-05:00,2021-10-22,2021-06-02T19:38:37,,"[{'mimetype': 'image/jpeg', 'download_small_url': 'https://eu.kobotoolbox.org/api/v2/assets/awCGz4R7AFYoaE5tF8gqWf/data/182157728/attachments/65171060/small/', 'download_large_url': 'https://eu.kobotoolbox.org/api/v2/assets/awCGz4R7AFYoaE5tF8gqWf/data/182157728/attachments/65171060/large/', 'download_url': 'https://eu.kobotoolbox.org/api/v2/assets/awCGz4R7AFYoaE5tF8gqWf/data/182157728/attachments/65171060/', 'filename': 'datacritica/attachments/36a900c321364cc783cd88d45d197466/10cc768f-d1ba-4e0e-a788-bd4e0b2cf3ed/inbound2186511873135018301-14_37_38.jpg', 'instance': 182157728, 'download_medium_url': 'https://eu.kobotoolbox.org/api/v2/assets/awCGz4R7AFYoaE5tF8gqWf/data/182157728/attachments/65171060/medium/', 'id': 65171060, 'xform': 797817, 'uid': 'attgkXTpbRCYBuXQ7HmUMVtY', 'media_file_basename': 'inbound2186511873135018301-14_37_38.jpg', 'question_xpath': 'A_ade_la_primera_foto_que_ilus'}]",2021-06-02T14:21:48.921-05:00,"""Fomentando Nuestras Raíces""","[19.800001, -88.754411]","Colectivo ""Nojoch Pixan"".",no,vcR3X6XMCfgnjhcc3BG3Kv,inbound2186511873135018301-14_37_38.jpg,uuid:10cc768f-d1ba-4e0e-a788-bd4e0b2cf3ed,,,,,,,,,,,,,https://eu.kobotoolbox.org/api/v2/assets/awCGz4R7AFYoaE5tF8gqWf/data/182157728/attachments/65171060/
182185709,[],20B51E54-8B0A-419A-A12C-2457D13EA8EA-17_53_28.jpeg,14.573828 -90.683806 1939.5344095593318 4.761442832140915,{},6375be66-b28b-4c52-9b42-8587b261e3ee,OK,[],no,awCGz4R7AFYoaE5tF8gqWf,,uuid:6375be66-b28b-4c52-9b42-8587b261e3ee,submitted_via_web,36a900c321364cc783cd88d45d197466,Al inicio de la lluvia se inicia la siembra,2021-06-02T17:57:09.760-06:00,2021-06-02,2021-06-02T23:57:35,0A065DAF-74DB-436F-B59A-453070B147E6-17_56_32.jpeg,"[{'mimetype': 'image/jpeg', 'download_small_url': 'https://eu.kobotoolbox.org/api/v2/assets/awCGz4R7AFYoaE5tF8gqWf/data/182185709/attachments/65201777/small/', 'download_large_url': 'https://eu.kobotoolbox.org/api/v2/assets/awCGz4R7AFYoaE5tF8gqWf/data/182185709/attachments/65201777/large/', 'download_url': 'https://eu.kobotoolbox.org/api/v2/assets/awCGz4R7AFYoaE5tF8gqWf/data/182185709/attachments/65201777/', 'filename': 'datacritica/attachments/36a900c321364cc783cd88d45d197466/6375be66-b28b-4c52-9b42-8587b261e3ee/0A065DAF-74DB-436F-B59A-453070B147E6-17_56_32.jpeg', 'instance': 182185709, 'download_medium_url': 'https://eu.kobotoolbox.org/api/v2/assets/awCGz4R7AFYoaE5tF8gqWf/data/182185709/attachments/65201777/medium/', 'id': 65201777, 'xform': 797817, 'uid': 'attZTJNCkpGS9QVrPDXxsBz5', 'media_file_basename': '0A065DAF-74DB-436F-B59A-453070B147E6-17_56_32.jpeg', 'question_xpath': 'Opcionalmente_a_ade_ue_ilustre_la_fiesta'}, {'mimetype': 'video/quicktime', 'download_url': 'https://eu.kobotoolbox.org/api/v2/assets/awCGz4R7AFYoaE5tF8gqWf/data/182185709/attachments/65201776/', 'filename': 'datacritica/attachments/36a900c321364cc783cd88d45d197466/6375be66-b28b-4c52-9b42-8587b261e3ee/trim.BB36B232-CA8F-4049-B216-D6A78409C899-17_55_25.MOV', 'instance': 182185709, 'id': 65201776, 'xform': 797817, 'uid': 'attQEoWpNNa6DfhmpAKXjkbc', 'media_file_basename': 'trim.BB36B232-CA8F-4049-B216-D6A78409C899-17_55_25.MOV', 'question_xpath': 'Sube_tu_audio_corto_celebrar_esta_fiesta'}, {'mimetype': 'image/jpeg', 'download_small_url': 'https://eu.kobotoolbox.org/api/v2/assets/awCGz4R7AFYoaE5tF8gqWf/data/182185709/attachments/65201775/small/', 'download_large_url': 'https://eu.kobotoolbox.org/api/v2/assets/awCGz4R7AFYoaE5tF8gqWf/data/182185709/attachments/65201775/large/', 'download_url': 'https://eu.kobotoolbox.org/api/v2/assets/awCGz4R7AFYoaE5tF8gqWf/data/182185709/attachments/65201775/', 'filename': 'datacritica/attachments/36a900c321364cc783cd88d45d197466/6375be66-b28b-4c52-9b42-8587b261e3ee/583C5D6E-5E63-4FB9-817D-6A0BCEDD1B7D-17_53_10.jpeg', 'instance': 182185709, 'download_medium_url': 'https://eu.kobotoolbox.org/api/v2/assets/awCGz4R7AFYoaE5tF8gqWf/data/182185709/attachments/65201775/medium/', 'id': 65201775, 'xform': 797817, 'uid': 'att8s6B5KB6gbSVj8MLVuWUb', 'media_file_basename': '583C5D6E-5E63-4FB9-817D-6A0BCEDD1B7D-17_53_10.jpeg', 'question_xpath': 'A_ade_la_primera_foto_que_ilus'}, {'mimetype': 'image/jpeg', 'download_small_url': 'https://eu.kobotoolbox.org/api/v2/assets/awCGz4R7AFYoaE5tF8gqWf/data/182185709/attachments/65201774/small/', 'download_large_url': 'https://eu.kobotoolbox.org/api/v2/assets/awCGz4R7AFYoaE5tF8gqWf/data/182185709/attachments/65201774/large/', 'download_url': 'https://eu.kobotoolbox.org/api/v2/assets/awCGz4R7AFYoaE5tF8gqWf/data/182185709/attachments/65201774/', 'filename': 'datacritica/attachments/36a900c321364cc783cd88d45d197466/6375be66-b28b-4c52-9b42-8587b261e3ee/20B51E54-8B0A-419A-A12C-2457D13EA8EA-17_53_28.jpeg', 'instance': 182185709, 'download_medium_url': 'https://eu.kobotoolbox.org/api/v2/assets/awCGz4R7AFYoaE5tF8gqWf/data/182185709/attachments/65201774/medium/', 'id': 65201774, 'xform': 797817, 'uid': 'attvEy8syc3qhR4cXzqASZpF', 'media_file_basename': '20B51E54-8B0A-419A-A12C-2457D13EA8EA-17_53_28.jpeg', 'question_xpath': 'Opcionalmente_a_ade_una_segun'}]",2021-06-02T17:51:35.472-06:00,Milpa familiar,"[14.573828, -90.683806]",Pueblo maya y mestizo,s,vcR3X6XMCfgnjhcc3BG3Kv,583C5D6E-5E63-4FB9-817D-6A0BCEDD1B7D-17_53_10.jpeg,uuid:6375be66-b28b-4c52-9b42-8587b261e3ee,,,trim.BB36B232-CA8F-4049-B216-D6A78409C899-17_55_25.MOV,,,,,,,,,,https://eu.kobotoolbox.org/api/v2/assets/awCGz4R7AFYoaE5tF8gqWf/data/182185709/attachments/65201777/
182188888,[],WhatsApp Image 2021-06-02 at 7.54.47 PM-19_55_38.jpeg,18.245248 -94.761138 0 0,{},ec4afb62-9794-4253-9d5a-454d7f11df7a,OK,[],no,awCGz4R7AFYoaE5tF8gqWf,,uuid:ec4afb62-9794-4253-9d5a-454d7f11df7a,submitted_via_web,36a900c321364cc783cd88d45d197466,"Celebramos la vida y legado que nos dejo Bety Cariño, la recordamos en el día que la asesinaron. Pero también festejamos el camino que elegimos y nos inspira, el trabajo y  la lucha por los derechos de los pueblos indigenas y las mujeres. Este año renovamos la palapa, hicimos comida, juegos y piñatas con los niños y huapango. Tuvimos una hermosa ceremonia y la danza del jaguar, testimonios de los compañeros y música.",2021-06-02T19:56:04.177-05:00,2021-04-27,2021-06-03T00:56:38,WhatsApp Image 2021-06-02 at 7.53.25 PM-19_55_52.jpeg,"[{'mimetype': 'image/jpeg', 'download_small_url': 'https://eu.kobotoolbox.org/api/v2/assets/awCGz4R7AFYoaE5tF8gqWf/data/182188888/attachments/65204827/small/', 'download_large_url': 'https://eu.kobotoolbox.org/api/v2/assets/awCGz4R7AFYoaE5tF8gqWf/data/182188888/attachments/65204827/large/', 'download_url': 'https://eu.kobotoolbox.org/api/v2/assets/awCGz4R7AFYoaE5tF8gqWf/data/182188888/attachments/65204827/', 'filename': 'datacritica/attachments/36a900c321364cc783cd88d45d197466/ec4afb62-9794-4253-9d5a-454d7f11df7a/WhatsApp Image 2021-05-24 at 12.51.59 PM-13_19_25.jpeg', 'instance': 182188888, 'download_medium_url': 'https://eu.kobotoolbox.org/api/v2/assets/awCGz4R7AFYoaE5tF8gqWf/data/182188888/attachments/65204827/medium/', 'id': 65204827, 'xform': 797817, 'uid': 'attKgCbPCyqZ4C6MYGJXsQe3', 'media_file_basename': 'WhatsApp Image 2021-05-24 at 12.51.59 PM-13_19_25.jpeg', 'question_xpath': ''}, {'mimetype': 'image/jpeg', 'download_small_url': 'https://eu.kobotoolbox.org/api/v2/assets/awCGz4R7AFYoaE5tF8gqWf/data/182188888/attachments/65204826/small/', 'download_large_url': 'https://eu.kobotoolbox.org/api/v2/assets/awCGz4R7AFYoaE5tF8gqWf/data/182188888/attachments/65204826/large/', 'download_url': 'https://eu.kobotoolbox.org/api/v2/assets/awCGz4R7AFYoaE5tF8gqWf/data/182188888/attachments/65204826/', 'filename': 'datacritica/attachments/36a900c321364cc783cd88d45d197466/ec4afb62-9794-4253-9d5a-454d7f11df7a/WhatsApp Image 2021-06-02 at 7.53.25 PM-19_55_52.jpeg', 'instance': 182188888, 'download_medium_url': 'https://eu.kobotoolbox.org/api/v2/assets/awCGz4R7AFYoaE5tF8gqWf/data/182188888/attachments/65204826/medium/', 'id': 65204826, 'xform': 797817, 'uid': 'attW7h9T6bt3Cvs7VJWBPeFP', 'media_file_basename': 'WhatsApp Image 2021-06-02 at 7.53.25 PM-19_55_52.jpeg', 'question_xpath': ''}, {'mimetype': 'image/jpeg', 'download_small_url': 'https://eu.kobotoolbox.org/api/v2/assets/awCGz4R7AFYoaE5tF8gqWf/data/182188888/attachments/65204825/small/', 'download_large_url': 'https://eu.kobotoolbox.org/api/v2/assets/awCGz4R7AFYoaE5tF8gqWf/data/182188888/attachments/65204825/large/', 'download_url': 'https://eu.kobotoolbox.org/api/v2/assets/awCGz4R7AFYoaE5tF8gqWf/data/182188888/attachments/65204825/', 'filename': 'datacritica/attachments/36a900c321364cc783cd88d45d197466/ec4afb62-9794-4253-9d5a-454d7f11df7a/WhatsApp Image 2021-06-02 at 7.54.47 PM-19_55_38.jpeg', 'instance': 182188888, 'download_medium_url': 'https://eu.kobotoolbox.org/api/v2/assets/awCGz4R7AFYoaE5tF8gqWf/data/182188888/attachments/65204825/medium/', 'id': 65204825, 'xform': 797817, 'uid': 'attf7fpfuNnvyMfPsrCj5F47', 'media_file_basename': 'WhatsApp Image 2021-06-02 at 7.54.47 PM-19_55_38.jpeg', 'question_xpath': ''}]",2021-05-24T12:40:37.860-05:00,Aniversario del Centro de Derechos Humanos Bety Cariño y del Proceso de Articulación de la Sierra Santa Marta,"[18.245248, -94.761138]","Al CDH Bety Cariño, a personas del pueblo Nahua y Popoluca organizadas en el Sur de Veracruz",no,vcR3X6XMCfgnjhcc3BG3Kv,WhatsApp Image 2021-05-24 at 12.51.59 PM-13_19_25.jpeg,uuid:ec4afb62-9794-4253-9d5a-454d7f11df7a,,,,,,,,,,,,,https://eu.kobotoolbox.org/api/v2/assets/awCGz4R7AFYoaE5tF8gqWf/data/182188888/attachments/65204827/
183922104,[],,,{},2b149db6-f53b-4d73-badc-ab6256400f1a,OK,[],s,awCGz4R7AFYoaE5tF8gqWf,,uuid:2b149db6-f53b-4d73-badc-ab6256400f1a,submitted_via_web,36a900c321364cc783cd88d45d197466,"Las y los Tíos de la comunidad han sacado del olvido ésta ceremonia que llevaba más de 70 años sin desarrollarse y hace 20 años que han venido impulsándola. Consta de agradecer y ofrendar a las 4 elementos de la Tiérra a través de cuatro fuégos ubicados en los cuatro puntos cardinales y uno central llamados Do'nikja, los cuales se encuentran en la cima de un monte. Para nuestra cultura, como a muchas otras de mesoamérica, representa el inicio de un nuevo ciclo, sobre todo el agrícola.",2021-06-09T10:11:50.213-05:00,2021-03-21,2021-06-09T15:12:02,,[],2021-06-09T09:37:57.711-05:00,Ceremonia del Fuego Nuevo Otomí-Hñätho,"[None, None]","Cominidad Indígena Otomí-Hñätho de San Lorenzo Huitzizilapan, Edo. Méx.",no,vcR3X6XMCfgnjhcc3BG3Kv,,uuid:2b149db6-f53b-4d73-badc-ab6256400f1a,,https://www.instagram.com/p/B-91YcKD-pA/?utm_medium=copy_link,,,,,,,,,,,
185856341,[],IMG_20190413_095131-14_15_30.jpg,19.570365 -88.052335 0 0,"{'timestamp': 1624079342, 'uid': 'validation_status_approved', 'by_whom': 'datacritica', 'color': '#00ff00', 'label': 'Approved'}",ced0b91f-e16d-464a-964b-363772190a62,OK,[],no,awCGz4R7AFYoaE5tF8gqWf,,uuid:ced0b91f-e16d-464a-964b-363772190a62,submitted_via_web,36a900c321364cc783cd88d45d197466,"Compartir, intercambiar y festejar las semillas nativas",2021-06-16T14:22:48.857-05:00,2021-05-28,2021-06-16T19:15:52,IMG_20190413_090057-14_17_43.jpg,"[{'download_url': 'https://eu.kobotoolbox.org/api/v2/assets/awCGz4R7AFYoaE5tF8gqWf/data/185856341/attachments/67985225/', 'download_large_url': 'https://eu.kobotoolbox.org/api/v2/assets/awCGz4R7AFYoaE5tF8gqWf/data/185856341/attachments/67985225/large/', 'download_medium_url': 'https://eu.kobotoolbox.org/api/v2/assets/awCGz4R7AFYoaE5tF8gqWf/data/185856341/attachments/67985225/medium/', 'download_small_url': 'https://eu.kobotoolbox.org/api/v2/assets/awCGz4R7AFYoaE5tF8gqWf/data/185856341/attachments/67985225/small/', 'mimetype': 'image/jpeg', 'filename': 'datacritica/attachments/36a900c321364cc783cd88d45d197466/ced0b91f-e16d-464a-964b-363772190a62/IMG_20190413_093951-14_15_4.jpg', 'instance': 185856341, 'xform': 797817, 'id': 67985225, 'uid': 'attNdcqXovSzSr2GPVvReAfs', 'media_file_basename': 'IMG_20190413_093951-14_15_4.jpg', 'question_xpath': 'A_ade_la_primera_foto_que_ilus'}, {'download_url': 'https://eu.kobotoolbox.org/api/v2/assets/awCGz4R7AFYoaE5tF8gqWf/data/185856341/attachments/67985224/', 'download_large_url': 'https://eu.kobotoolbox.org/api/v2/assets/awCGz4R7AFYoaE5tF8gqWf/data/185856341/attachments/67985224/large/', 'download_medium_url': 'https://eu.kobotoolbox.org/api/v2/assets/awCGz4R7AFYoaE5tF8gqWf/data/185856341/attachments/67985224/medium/', 'download_small_url': 'https://eu.kobotoolbox.org/api/v2/assets/awCGz4R7AFYoaE5tF8gqWf/data/185856341/attachments/67985224/small/', 'mimetype': 'image/jpeg', 'filename': 'datacritica/attachments/36a900c321364cc783cd88d45d197466/ced0b91f-e16d-464a-964b-363772190a62/IMG_20190413_090057-14_17_43.jpg', 'instance': 185856341, 'xform': 797817, 'id': 67985224, 'uid': 'attmLifgAw7ejRWLfHrbLi8P', 'media_file_basename': 'IMG_20190413_090057-14_17_43.jpg', 'question_xpath': 'Opcionalmente_a_ade_ue_ilustre_la_fiesta'}, {'download_url': 'https://eu.kobotoolbox.org/api/v2/assets/awCGz4R7AFYoaE5tF8gqWf/data/185856341/attachments/67985223/', 'download_large_url': 'https://eu.kobotoolbox.org/api/v2/assets/awCGz4R7AFYoaE5tF8gqWf/data/185856341/attachments/67985223/large/', 'download_medium_url': 'https://eu.kobotoolbox.org/api/v2/assets/awCGz4R7AFYoaE5tF8gqWf/data/185856341/attachments/67985223/medium/', 'download_small_url': 'https://eu.kobotoolbox.org/api/v2/assets/awCGz4R7AFYoaE5tF8gqWf/data/185856341/attachments/67985223/small/', 'mimetype': 'image/jpeg', 'filename': 'datacritica/attachments/36a900c321364cc783cd88d45d197466/ced0b91f-e16d-464a-964b-363772190a62/IMG_20190413_095131-14_15_30.jpg', 'instance': 185856341, 'xform': 797817, 'id': 67985223, 'uid': 'attkV6L2ztkXykCUFtnZaykq', 'media_file_basename': 'IMG_20190413_095131-14_15_30.jpg', 'question_xpath': 'Opcionalmente_a_ade_una_segun'}]",2021-06-16T14:02:56.214-05:00,Fiesta de semillas Felipe Carrillo Puerto,"[None, None]",Maya del centro de Quintana Roo,no,vcR3X6XMCfgnjhcc3BG3Kv,IMG_20190413_093951-14_15_4.jpg,uuid:ced0b91f-e16d-464a-964b-363772190a62,,,,,,,,,,,,,https://eu.kobotoolbox.org/api/v2/assets/awCGz4R7AFYoaE5tF8gqWf/data/185856341/attachments/67985225/
188550492,[],volvanstaursula-12_3_18.jpg,1 2 2 601798,{},37874f62-0401-4d07-b23e-993863b6703b,OK,[],no,awCGz4R7AFYoaE5tF8gqWf,,uuid:37874f62-0401-4d07-b23e-993863b6703b,submitted_via_web,36a900c321364cc783cd88d45d197466,esta es una prueba de actualización,2021-06-26T12:04:27.970-05:00,2021-06-27,2021-06-26T17:04:39,Logo Data Crítica trans-12_3_28.png,"[{'download_url': 'https://eu.kobotoolbox.org/api/v2/assets/awCGz4R7AFYoaE5tF8gqWf/data/188550492/attachments/69281695/', 'download_large_url': 'https://eu.kobotoolbox.org/api/v2/assets/awCGz4R7AFYoaE5tF8gqWf/data/188550492/attachments/69281695/large/', 'download_medium_url': 'https://eu.kobotoolbox.org/api/v2/assets/awCGz4R7AFYoaE5tF8gqWf/data/188550492/attachments/69281695/medium/', 'download_small_url': 'https://eu.kobotoolbox.org/api/v2/assets/awCGz4R7AFYoaE5tF8gqWf/data/188550492/attachments/69281695/small/', 'mimetype': 'image/png', 'filename': 'datacritica/attachments/36a900c321364cc783cd88d45d197466/37874f62-0401-4d07-b23e-993863b6703b/Logo_Data_Crítica_trans-12_3_28.png', 'instance': 188550492, 'xform': 797817, 'id': 69281695, 'uid': 'attekdHeouLa99vk6cR7SiuW', 'media_file_basename': 'Logo Data Crítica trans-12_3_28.png', 'question_xpath': 'Opcionalmente_a_ade_ue_ilustre_la_fiesta'}, {'download_url': 'https://eu.kobotoolbox.org/api/v2/assets/awCGz4R7AFYoaE5tF8gqWf/data/188550492/attachments/69281694/', 'download_large_url': 'https://eu.kobotoolbox.org/api/v2/assets/awCGz4R7AFYoaE5tF8gqWf/data/188550492/attachments/69281694/large/', 'download_medium_url': 'https://eu.kobotoolbox.org/api/v2/assets/awCGz4R7AFYoaE5tF8gqWf/data/188550492/attachments/69281694/medium/', 'download_small_url': 'https://eu.kobotoolbox.org/api/v2/assets/awCGz4R7AFYoaE5tF8gqWf/data/188550492/attachments/69281694/small/', 'mimetype': 'image/jpeg', 'filename': 'datacritica/attachments/36a900c321364cc783cd88d45d197466/37874f62-0401-4d07-b23e-993863b6703b/volvanstaursula-12_3_18.jpg', 'instance': 188550492, 'xform': 797817, 'id': 69281694, 'uid': 'attaKZWAoen6LhDBR2vhfK6o', 'media_file_basename': 'volvanstaursula-12_3_18.jpg', 'question_xpath': 'Opcionalmente_a_ade_una_segun'}, {'download_url': 'https://eu.kobotoolbox.org/api/v2/assets/awCGz4R7AFYoaE5tF8gqWf/data/188550492/attachments/69281693/', 'download_large_url': 'https://eu.kobotoolbox.org/api/v2/assets/awCGz4R7AFYoaE5tF8gqWf/data/188550492/attachments/69281693/large/', 'download_medium_url': 'https://eu.kobotoolbox.org/api/v2/assets/awCGz4R7AFYoaE5tF8gqWf/data/188550492/attachments/69281693/medium/', 'download_small_url': 'https://eu.kobotoolbox.org/api/v2/assets/awCGz4R7AFYoaE5tF8gqWf/data/188550492/attachments/69281693/small/', 'mimetype': 'image/png', 'filename': 'datacritica/attachments/36a900c321364cc783cd88d45d197466/37874f62-0401-4d07-b23e-993863b6703b/Screenshot_from_2021-06-25_11-31-03-12_3_12.png', 'instance': 188550492, 'xform': 797817, 'id': 69281693, 'uid': 'attK5WVsYUide9v6D4ZYpY23', 'media_file_basename': 'Screenshot from 2021-06-25 11-31-03-12_3_12.png', 'question_xpath': 'A_ade_la_primera_foto_que_ilus'}]",2021-06-26T12:01:12.349-05:00,prueba_actualizacion,"[None, None]",defensa de red digital,no,vcR3X6XMCfgnjhcc3BG3Kv,Screenshot from 2021-06-25 11-31-03-12_3_12.png,uuid:37874f62-0401-4d07-b23e-993863b6703b,,,,,,,,,,,,,https://eu.kobotoolbox.org/api/v2/assets/awCGz4R7AFYoaE5tF8gqWf/data/188550492/attachments/69281694/
481889057,[],,,{},b96a75f2-64ad-4f49-863f-2abae341870b,,[],,awCGz4R7AFYoaE5tF8gqWf,,uuid:b96a75f2-64ad-4f49-863f-2abae341870b,submitted_via_web,36a900c321364cc783cd88d45d197466,,2023-09-20T12:27:04.796-06:00,,2023-09-20T18:27:06,,"[{'download_url': 'https://eu.kobotoolbox.org/api/v2/assets/awCGz4R7AFYoaE5tF8gqWf/data/481889057/attachments/203059427/', 'download_large_url': 'https://eu.kobotoolbox.org/api/v2/assets/awCGz4R7AFYoaE5tF8gqWf/data/481889057/attachments/203059427/large/', 'download_medium_url': 'https://eu.kobotoolbox.org/api/v2/assets/awCGz4R7AFYoaE5tF8gqWf/data/481889057/attachments/203059427/medium/', 'download_small_url': 'https://eu.kobotoolbox.org/api/v2/assets/awCGz4R7AFYoaE5tF8gqWf/data/481889057/attachments/203059427/small/', 'mimetype': 'image/jpeg', 'filename': 'datacritica/attachments/36a900c321364cc783cd88d45d197466/b96a75f2-64ad-4f49-863f-2abae341870b/xoxhitlallis-12_26_27.jpeg', 'instance': 481889057, 'xform': 797817, 'id': 203059427, 'uid': 'attmavzpFouZR6LXLvF3DXos', 'media_file_basename': 'xoxhitlallis-12_26_27.jpeg', 'question_xpath': 'foto1'}]",2023-09-20T12:13:38.366-06:00,,"[18.673777, -97.027451]",,,vuU9PxeoFLNSpFB6djsQPQ,,uuid:b96a75f2-64ad-4f49-863f-2abae341870b,,,,OK,18.673777 -97.027451 0 37,Xochitlalis,"Flores para la tierra, para agradecer por la vida y la alegría.",2023-05-05,xoxhitlallis-12_26_27.jpeg,no,no,"Nahua de la sierra de Zongolica, Veracruz",https://eu.kobotoolbox.org/api/v2/assets/awCGz4R7AFYoaE5tF8gqWf/data/481889057/attachments/203059427/
